<?xml version="1.0" encoding="UTF-8"?>
<project-private xmlns="http://www.netbeans.org/ns/project-private/1">
    <editor-bookmarks xmlns="http://www.netbeans.org/ns/editor-bookmarks/2" lastBookmarkId="0"/>
    <open-files xmlns="http://www.netbeans.org/ns/projectui-open-files/2">
        <group>
            <file>file:/C:/Users/nero2/Desktop/RESTAURANTE%202.0/SprintInv/src/fes/aragon/REmpleados/RegistroEmpleado.java</file>
            <file>file:/C:/Users/nero2/Desktop/RESTAURANTE%202.0/SprintInv/src/fes/aragon/MU/SprintMU.java</file>
        </group>
    </open-files>
</project-private>
